disaster,model,accuracy,precision,recall,f1
flood,RandomForest,1.0,1.0,1.0,1.0
flood,SVM,0.9821917808219178,0.9822763745921298,0.9821917808219178,0.9821879339835183
cyclone,RandomForest,1.0,1.0,1.0,1.0
cyclone,SVM,0.9934640522875817,0.993505671924059,0.9934640522875817,0.9934690542086321
earthquake,RandomForest,0.3333333333333333,0.1111111111111111,0.3333333333333333,0.16666666666666666
earthquake,SVM,0.6666666666666666,0.8333333333333334,0.6666666666666666,0.6666666666666666
